[
  {
    "device_ip": "192.168.1.20",
    "device_hostname": "f5-lb1",
    "config_type": "running",
    "config_data": "# Configuration backup for 192.168.1.20\n# Generated at 2025-09-10 02:07:17.441967+00:00\n# This is a placeholder - implement actual config retrieval",
    "backup_timestamp": "2025-09-10T02:07:17.443507+00:00",
    "version": "1.0",
    "is_active": true
  },
  {
    "device_ip": "192.168.1.10",
    "device_hostname": "fw-main",
    "config_type": "running",
    "config_data": "# Configuration backup for 192.168.1.10\n# Generated at 2025-09-11 01:39:23.524588+00:00\n# This is a placeholder - implement actual config retrieval",
    "backup_timestamp": "2025-09-11T01:39:23.525509+00:00",
    "version": "1.0",
    "is_active": true
  },
  {
    "device_ip": "192.168.1.10",
    "device_hostname": "fw-main",
    "config_type": "running",
    "config_data": "# Configuration backup for 192.168.1.10\n# Generated at 2025-09-11 01:39:29.190546+00:00\n# This is a placeholder - implement actual config retrieval",
    "backup_timestamp": "2025-09-11T01:39:29.191109+00:00",
    "version": "1.0",
    "is_active": true
  },
  {
    "device_ip": "192.168.1.11",
    "device_hostname": "fw-backup",
    "config_type": "running",
    "config_data": "# Configuration backup for 192.168.1.11\n# Generated at 2025-09-10 02:48:19.628957+00:00\n# This is a placeholder - implement actual config retrieval",
    "backup_timestamp": "2025-09-10T02:48:19.629828+00:00",
    "version": "1.0",
    "is_active": true
  }
]