[
{
  "model": "admin.logentry",
  "pk": 1,
  "fields": {
    "action_time": "2025-09-10T01:34:38.314Z",
    "user": 3,
    "content_type": 4,
    "object_id": "4",
    "object_repr": "amad",
    "action_flag": 1,
    "change_message": "[{\"added\": {}}]"
  }
},
{
  "model": "admin.logentry",
  "pk": 2,
  "fields": {
    "action_time": "2025-09-10T02:19:03.522Z",
    "user": 3,
    "content_type": 4,
    "object_id": "4",
    "object_repr": "amad",
    "action_flag": 2,
    "change_message": "[{\"changed\": {\"fields\": [\"Email address\"]}}]"
  }
},
{
  "model": "admin.logentry",
  "pk": 3,
  "fields": {
    "action_time": "2025-09-10T02:44:49.053Z",
    "user": 3,
    "content_type": 4,
    "object_id": "4",
    "object_repr": "amad",
    "action_flag": 2,
    "change_message": "[{\"changed\": {\"fields\": [\"User permissions\"]}}]"
  }
},
{
  "model": "admin.logentry",
  "pk": 4,
  "fields": {
    "action_time": "2025-09-10T02:46:43.771Z",
    "user": 3,
    "content_type": 4,
    "object_id": "4",
    "object_repr": "amad",
    "action_flag": 2,
    "change_message": "[]"
  }
},
{
  "model": "admin.logentry",
  "pk": 5,
  "fields": {
    "action_time": "2025-09-10T02:47:36.032Z",
    "user": 3,
    "content_type": 4,
    "object_id": "4",
    "object_repr": "amad",
    "action_flag": 2,
    "change_message": "[{\"changed\": {\"fields\": [\"First name\", \"Last name\", \"Staff status\"]}}]"
  }
},
{
  "model": "admin.logentry",
  "pk": 6,
  "fields": {
    "action_time": "2025-09-10T03:41:59.516Z",
    "user": 3,
    "content_type": 11,
    "object_id": "2",
    "object_repr": "test (daily)",
    "action_flag": 1,
    "change_message": "[{\"added\": {}}]"
  }
},
{
  "model": "admin.logentry",
  "pk": 7,
  "fields": {
    "action_time": "2025-09-10T03:42:24.448Z",
    "user": 3,
    "content_type": 10,
    "object_id": "1",
    "object_repr": "Backup 1 - Daily Config Backup (running)",
    "action_flag": 1,
    "change_message": "[{\"added\": {}}]"
  }
},
{
  "model": "admin.logentry",
  "pk": 8,
  "fields": {
    "action_time": "2025-09-10T03:43:21.319Z",
    "user": 3,
    "content_type": 10,
    "object_id": "1",
    "object_repr": "Backup 1 - Daily Config Backup (running)",
    "action_flag": 2,
    "change_message": "[{\"changed\": {\"fields\": [\"Error message\"]}}]"
  }
},
{
  "model": "admin.logentry",
  "pk": 9,
  "fields": {
    "action_time": "2025-09-10T03:43:32.788Z",
    "user": 3,
    "content_type": 10,
    "object_id": "1",
    "object_repr": "Backup 1 - Daily Config Backup (completed)",
    "action_flag": 2,
    "change_message": "[{\"changed\": {\"fields\": [\"Status\"]}}]"
  }
},
{
  "model": "admin.logentry",
  "pk": 10,
  "fields": {
    "action_time": "2025-09-11T01:47:58.216Z",
    "user": 3,
    "content_type": 11,
    "object_id": "3",
    "object_repr": "lakers (hourly)",
    "action_flag": 1,
    "change_message": "[{\"added\": {}}]"
  }
},
{
  "model": "auth.permission",
  "pk": 1,
  "fields": {
    "name": "Can add log entry",
    "content_type": 1,
    "codename": "add_logentry"
  }
},
{
  "model": "auth.permission",
  "pk": 2,
  "fields": {
    "name": "Can change log entry",
    "content_type": 1,
    "codename": "change_logentry"
  }
},
{
  "model": "auth.permission",
  "pk": 3,
  "fields": {
    "name": "Can delete log entry",
    "content_type": 1,
    "codename": "delete_logentry"
  }
},
{
  "model": "auth.permission",
  "pk": 4,
  "fields": {
    "name": "Can view log entry",
    "content_type": 1,
    "codename": "view_logentry"
  }
},
{
  "model": "auth.permission",
  "pk": 5,
  "fields": {
    "name": "Can add permission",
    "content_type": 2,
    "codename": "add_permission"
  }
},
{
  "model": "auth.permission",
  "pk": 6,
  "fields": {
    "name": "Can change permission",
    "content_type": 2,
    "codename": "change_permission"
  }
},
{
  "model": "auth.permission",
  "pk": 7,
  "fields": {
    "name": "Can delete permission",
    "content_type": 2,
    "codename": "delete_permission"
  }
},
{
  "model": "auth.permission",
  "pk": 8,
  "fields": {
    "name": "Can view permission",
    "content_type": 2,
    "codename": "view_permission"
  }
},
{
  "model": "auth.permission",
  "pk": 9,
  "fields": {
    "name": "Can add group",
    "content_type": 3,
    "codename": "add_group"
  }
},
{
  "model": "auth.permission",
  "pk": 10,
  "fields": {
    "name": "Can change group",
    "content_type": 3,
    "codename": "change_group"
  }
},
{
  "model": "auth.permission",
  "pk": 11,
  "fields": {
    "name": "Can delete group",
    "content_type": 3,
    "codename": "delete_group"
  }
},
{
  "model": "auth.permission",
  "pk": 12,
  "fields": {
    "name": "Can view group",
    "content_type": 3,
    "codename": "view_group"
  }
},
{
  "model": "auth.permission",
  "pk": 13,
  "fields": {
    "name": "Can add user",
    "content_type": 4,
    "codename": "add_user"
  }
},
{
  "model": "auth.permission",
  "pk": 14,
  "fields": {
    "name": "Can change user",
    "content_type": 4,
    "codename": "change_user"
  }
},
{
  "model": "auth.permission",
  "pk": 15,
  "fields": {
    "name": "Can delete user",
    "content_type": 4,
    "codename": "delete_user"
  }
},
{
  "model": "auth.permission",
  "pk": 16,
  "fields": {
    "name": "Can view user",
    "content_type": 4,
    "codename": "view_user"
  }
},
{
  "model": "auth.permission",
  "pk": 17,
  "fields": {
    "name": "Can add content type",
    "content_type": 5,
    "codename": "add_contenttype"
  }
},
{
  "model": "auth.permission",
  "pk": 18,
  "fields": {
    "name": "Can change content type",
    "content_type": 5,
    "codename": "change_contenttype"
  }
},
{
  "model": "auth.permission",
  "pk": 19,
  "fields": {
    "name": "Can delete content type",
    "content_type": 5,
    "codename": "delete_contenttype"
  }
},
{
  "model": "auth.permission",
  "pk": 20,
  "fields": {
    "name": "Can view content type",
    "content_type": 5,
    "codename": "view_contenttype"
  }
},
{
  "model": "auth.permission",
  "pk": 21,
  "fields": {
    "name": "Can add session",
    "content_type": 6,
    "codename": "add_session"
  }
},
{
  "model": "auth.permission",
  "pk": 22,
  "fields": {
    "name": "Can change session",
    "content_type": 6,
    "codename": "change_session"
  }
},
{
  "model": "auth.permission",
  "pk": 23,
  "fields": {
    "name": "Can delete session",
    "content_type": 6,
    "codename": "delete_session"
  }
},
{
  "model": "auth.permission",
  "pk": 24,
  "fields": {
    "name": "Can view session",
    "content_type": 6,
    "codename": "view_session"
  }
},
{
  "model": "auth.permission",
  "pk": 25,
  "fields": {
    "name": "Can add device",
    "content_type": 7,
    "codename": "add_device"
  }
},
{
  "model": "auth.permission",
  "pk": 26,
  "fields": {
    "name": "Can change device",
    "content_type": 7,
    "codename": "change_device"
  }
},
{
  "model": "auth.permission",
  "pk": 27,
  "fields": {
    "name": "Can delete device",
    "content_type": 7,
    "codename": "delete_device"
  }
},
{
  "model": "auth.permission",
  "pk": 28,
  "fields": {
    "name": "Can view device",
    "content_type": 7,
    "codename": "view_device"
  }
},
{
  "model": "auth.permission",
  "pk": 29,
  "fields": {
    "name": "Can add scan result",
    "content_type": 8,
    "codename": "add_scanresult"
  }
},
{
  "model": "auth.permission",
  "pk": 30,
  "fields": {
    "name": "Can change scan result",
    "content_type": 8,
    "codename": "change_scanresult"
  }
},
{
  "model": "auth.permission",
  "pk": 31,
  "fields": {
    "name": "Can delete scan result",
    "content_type": 8,
    "codename": "delete_scanresult"
  }
},
{
  "model": "auth.permission",
  "pk": 32,
  "fields": {
    "name": "Can view scan result",
    "content_type": 8,
    "codename": "view_scanresult"
  }
},
{
  "model": "auth.permission",
  "pk": 33,
  "fields": {
    "name": "Can add port scan",
    "content_type": 9,
    "codename": "add_portscan"
  }
},
{
  "model": "auth.permission",
  "pk": 34,
  "fields": {
    "name": "Can change port scan",
    "content_type": 9,
    "codename": "change_portscan"
  }
},
{
  "model": "auth.permission",
  "pk": 35,
  "fields": {
    "name": "Can delete port scan",
    "content_type": 9,
    "codename": "delete_portscan"
  }
},
{
  "model": "auth.permission",
  "pk": 36,
  "fields": {
    "name": "Can view port scan",
    "content_type": 9,
    "codename": "view_portscan"
  }
},
{
  "model": "auth.permission",
  "pk": 37,
  "fields": {
    "name": "Can add backup history",
    "content_type": 10,
    "codename": "add_backuphistory"
  }
},
{
  "model": "auth.permission",
  "pk": 38,
  "fields": {
    "name": "Can change backup history",
    "content_type": 10,
    "codename": "change_backuphistory"
  }
},
{
  "model": "auth.permission",
  "pk": 39,
  "fields": {
    "name": "Can delete backup history",
    "content_type": 10,
    "codename": "delete_backuphistory"
  }
},
{
  "model": "auth.permission",
  "pk": 40,
  "fields": {
    "name": "Can view backup history",
    "content_type": 10,
    "codename": "view_backuphistory"
  }
},
{
  "model": "auth.permission",
  "pk": 41,
  "fields": {
    "name": "Can add backup config",
    "content_type": 11,
    "codename": "add_backupconfig"
  }
},
{
  "model": "auth.permission",
  "pk": 42,
  "fields": {
    "name": "Can change backup config",
    "content_type": 11,
    "codename": "change_backupconfig"
  }
},
{
  "model": "auth.permission",
  "pk": 43,
  "fields": {
    "name": "Can delete backup config",
    "content_type": 11,
    "codename": "delete_backupconfig"
  }
},
{
  "model": "auth.permission",
  "pk": 44,
  "fields": {
    "name": "Can view backup config",
    "content_type": 11,
    "codename": "view_backupconfig"
  }
},
{
  "model": "auth.permission",
  "pk": 45,
  "fields": {
    "name": "Can add network config",
    "content_type": 12,
    "codename": "add_networkconfig"
  }
},
{
  "model": "auth.permission",
  "pk": 46,
  "fields": {
    "name": "Can change network config",
    "content_type": 12,
    "codename": "change_networkconfig"
  }
},
{
  "model": "auth.permission",
  "pk": 47,
  "fields": {
    "name": "Can delete network config",
    "content_type": 12,
    "codename": "delete_networkconfig"
  }
},
{
  "model": "auth.permission",
  "pk": 48,
  "fields": {
    "name": "Can view network config",
    "content_type": 12,
    "codename": "view_networkconfig"
  }
},
{
  "model": "auth.permission",
  "pk": 49,
  "fields": {
    "name": "Can add backup archive",
    "content_type": 13,
    "codename": "add_backuparchive"
  }
},
{
  "model": "auth.permission",
  "pk": 50,
  "fields": {
    "name": "Can change backup archive",
    "content_type": 13,
    "codename": "change_backuparchive"
  }
},
{
  "model": "auth.permission",
  "pk": 51,
  "fields": {
    "name": "Can delete backup archive",
    "content_type": 13,
    "codename": "delete_backuparchive"
  }
},
{
  "model": "auth.permission",
  "pk": 52,
  "fields": {
    "name": "Can view backup archive",
    "content_type": 13,
    "codename": "view_backuparchive"
  }
},
{
  "model": "auth.user",
  "pk": 1,
  "fields": {
    "password": "!gibPeVyDGLnCtVFSRsehVyZmMHjhdPOggqAVgTbX",
    "last_login": null,
    "is_superuser": true,
    "username": "admin",
    "first_name": "",
    "last_name": "",
    "email": "admin@etiqa.com",
    "is_staff": true,
    "is_active": true,
    "date_joined": "2025-09-10T01:25:45.250Z",
    "groups": [],
    "user_permissions": []
  }
},
{
  "model": "auth.user",
  "pk": 2,
  "fields": {
    "password": "pbkdf2_sha256$1000000$mvGiY09iipW64zSvhmwRGK$FBQ4u/dunT1UfOvYl0uAEohC2mZq0SBph9iVLI6Facg=",
    "last_login": null,
    "is_superuser": false,
    "username": "testuser",
    "first_name": "",
    "last_name": "",
    "email": "test@etiqa.com",
    "is_staff": false,
    "is_active": true,
    "date_joined": "2025-09-10T01:26:26.006Z",
    "groups": [],
    "user_permissions": []
  }
},
{
  "model": "auth.user",
  "pk": 3,
  "fields": {
    "password": "pbkdf2_sha256$1000000$cSuUVCWPlL7yiXXgQnRTP8$XtZkwePkoyEOjTQrJZDwndUeUtPflPq03zAoh1SarlA=",
    "last_login": "2025-09-10T08:58:42.502Z",
    "is_superuser": true,
    "username": "sya",
    "first_name": "",
    "last_name": "",
    "email": "snrazif05@gmail.com",
    "is_staff": true,
    "is_active": true,
    "date_joined": "2025-09-10T01:31:46.684Z",
    "groups": [],
    "user_permissions": []
  }
},
{
  "model": "auth.user",
  "pk": 4,
  "fields": {
    "password": "pbkdf2_sha256$1000000$nJioL5lcX6jQLr0bKsBvHf$52K8NNf6CjctljgnndzWaHlg+PsYFTw7UAkL086fPkE=",
    "last_login": "2025-09-10T03:48:14.447Z",
    "is_superuser": false,
    "username": "amad",
    "first_name": "Ahmad",
    "last_name": "Luffy",
    "email": "amad09@gmail.com",
    "is_staff": true,
    "is_active": true,
    "date_joined": "2025-09-10T01:34:36Z",
    "groups": [],
    "user_permissions": [
      37,
      38,
      40
    ]
  }
},
{
  "model": "contenttypes.contenttype",
  "pk": 1,
  "fields": {
    "app_label": "admin",
    "model": "logentry"
  }
},
{
  "model": "contenttypes.contenttype",
  "pk": 2,
  "fields": {
    "app_label": "auth",
    "model": "permission"
  }
},
{
  "model": "contenttypes.contenttype",
  "pk": 3,
  "fields": {
    "app_label": "auth",
    "model": "group"
  }
},
{
  "model": "contenttypes.contenttype",
  "pk": 4,
  "fields": {
    "app_label": "auth",
    "model": "user"
  }
},
{
  "model": "contenttypes.contenttype",
  "pk": 5,
  "fields": {
    "app_label": "contenttypes",
    "model": "contenttype"
  }
},
{
  "model": "contenttypes.contenttype",
  "pk": 6,
  "fields": {
    "app_label": "sessions",
    "model": "session"
  }
},
{
  "model": "contenttypes.contenttype",
  "pk": 7,
  "fields": {
    "app_label": "network_scanner",
    "model": "device"
  }
},
{
  "model": "contenttypes.contenttype",
  "pk": 8,
  "fields": {
    "app_label": "network_scanner",
    "model": "scanresult"
  }
},
{
  "model": "contenttypes.contenttype",
  "pk": 9,
  "fields": {
    "app_label": "network_scanner",
    "model": "portscan"
  }
},
{
  "model": "contenttypes.contenttype",
  "pk": 10,
  "fields": {
    "app_label": "network_scanner",
    "model": "backuphistory"
  }
},
{
  "model": "contenttypes.contenttype",
  "pk": 11,
  "fields": {
    "app_label": "network_scanner",
    "model": "backupconfig"
  }
},
{
  "model": "contenttypes.contenttype",
  "pk": 12,
  "fields": {
    "app_label": "network_scanner",
    "model": "networkconfig"
  }
},
{
  "model": "contenttypes.contenttype",
  "pk": 13,
  "fields": {
    "app_label": "network_scanner",
    "model": "backuparchive"
  }
},
{
  "model": "sessions.session",
  "pk": "l7auf07ju1tmyfgw6gwcdc08yz2dztaf",
  "fields": {
    "session_data": ".eJxVjDsOwjAQBe_iGln-fyjpOYPlXa9xADlSnFSIu0OkFNC-mXkvlvK2trQNWtJU2JlpdvrdIOOD-g7KPffbzHHu6zIB3xV-0MGvc6Hn5XD_Dloe7Vt7sCBt9dIXqAUNSRUDaNLoY6YAOVhXPZoCDoPU3iktRFDCRKAgQLP3B_fwN9o:1uwAqG:v5kM2b8nboUCgOxrU8ouDFZBiD2yQLU6hCEZdwXcbtk",
    "expire_date": "2025-09-24T02:45:52.528Z"
  }
},
{
  "model": "sessions.session",
  "pk": "lgvv4qktr3itfczy3qq5u4e67chd2iwx",
  "fields": {
    "session_data": ".eJxVjDsOwjAQBe_iGln-fyjpOYPlXa9xADlSnFSIu0OkFNC-mXkvlvK2trQNWtJU2JlpdvrdIOOD-g7KPffbzHHu6zIB3xV-0MGvc6Hn5XD_Dloe7Vt7sCBt9dIXqAUNSRUDaNLoY6YAOVhXPZoCDoPU3iktRFDCRKAgQLP3B_fwN9o:1uwAqE:1iDOAVg0MM-aItOVHoKY8n77vPZ6gI8rsbkavCHhlk4",
    "expire_date": "2025-09-24T02:45:50.415Z"
  }
},
{
  "model": "sessions.session",
  "pk": "rlhwc048zebkboipextxud4nerp06aqi",
  "fields": {
    "session_data": ".eJxVjDsOwjAQBe_iGln-fyjpOYPlXa9xADlSnFSIu0OkFNC-mXkvlvK2trQNWtJU2JlpdvrdIOOD-g7KPffbzHHu6zIB3xV-0MGvc6Hn5XD_Dloe7Vt7sCBt9dIXqAUNSRUDaNLoY6YAOVhXPZoCDoPU3iktRFDCRKAgQLP3B_fwN9o:1uwGf4:RnW52fPa6xfDBPKxeBy8U6EL1OHygVVFOqGGYSBZ84Y",
    "expire_date": "2025-09-24T08:58:42.509Z"
  }
},
{
  "model": "network_scanner.device",
  "pk": 1,
  "fields": {
    "ip_address": "192.168.1.10",
    "hostname": "fw-main",
    "device_type": "firewall",
    "status": "online",
    "last_scanned_at": null,
    "description": "Main Checkpoint Firewall"
  }
},
{
  "model": "network_scanner.device",
  "pk": 2,
  "fields": {
    "ip_address": "192.168.1.11",
    "hostname": "fw-backup",
    "device_type": "firewall",
    "status": "online",
    "last_scanned_at": null,
    "description": "Backup Checkpoint Firewall"
  }
},
{
  "model": "network_scanner.device",
  "pk": 3,
  "fields": {
    "ip_address": "192.168.1.20",
    "hostname": "f5-lb1",
    "device_type": "f5",
    "status": "online",
    "last_scanned_at": null,
    "description": "F5 Load Balancer Primary"
  }
},
{
  "model": "network_scanner.device",
  "pk": 4,
  "fields": {
    "ip_address": "192.168.1.21",
    "hostname": "f5-lb2",
    "device_type": "f5",
    "status": "offline",
    "last_scanned_at": null,
    "description": "F5 Load Balancer Secondary"
  }
},
{
  "model": "network_scanner.device",
  "pk": 5,
  "fields": {
    "ip_address": "192.168.1.30",
    "hostname": "dns-primary",
    "device_type": "infoblox",
    "status": "online",
    "last_scanned_at": null,
    "description": "Infoblox DNS Primary"
  }
},
{
  "model": "network_scanner.device",
  "pk": 6,
  "fields": {
    "ip_address": "192.168.1.31",
    "hostname": "dns-secondary",
    "device_type": "infoblox",
    "status": "online",
    "last_scanned_at": null,
    "description": "Infoblox DNS Secondary"
  }
},
{
  "model": "network_scanner.device",
  "pk": 7,
  "fields": {
    "ip_address": "192.168.1.40",
    "hostname": "switch-core",
    "device_type": "switch",
    "status": "online",
    "last_scanned_at": null,
    "description": "Core Switch"
  }
},
{
  "model": "network_scanner.device",
  "pk": 8,
  "fields": {
    "ip_address": "192.168.1.50",
    "hostname": "router-main",
    "device_type": "router",
    "status": "online",
    "last_scanned_at": null,
    "description": "Main Router"
  }
},
{
  "model": "network_scanner.backupconfig",
  "pk": 1,
  "fields": {
    "name": "Daily Config Backup",
    "backup_type": "config",
    "frequency": "daily",
    "enabled": true,
    "max_backups": 30,
    "retention_months": 6,
    "archive_old_backups": true,
    "backup_path": "backups/",
    "archive_path": "backups/archives/",
    "include_database": true,
    "include_media": false,
    "include_logs": true,
    "created_at": "2025-09-09T02:43:52.716Z",
    "updated_at": "2025-09-09T02:43:52.716Z",
    "last_backup_at": null,
    "next_backup_at": "2025-09-10T02:43:52.716Z"
  }
},
{
  "model": "network_scanner.backupconfig",
  "pk": 2,
  "fields": {
    "name": "test",
    "backup_type": "config",
    "frequency": "daily",
    "enabled": true,
    "max_backups": 30,
    "retention_months": 6,
    "archive_old_backups": true,
    "backup_path": "backups/",
    "archive_path": "backups/archives/",
    "include_database": true,
    "include_media": false,
    "include_logs": true,
    "created_at": "2025-09-10T03:41:59.510Z",
    "updated_at": "2025-09-10T03:41:59.510Z",
    "last_backup_at": null,
    "next_backup_at": "2025-09-11T03:41:59.510Z"
  }
},
{
  "model": "network_scanner.backupconfig",
  "pk": 3,
  "fields": {
    "name": "lakers",
    "backup_type": "full",
    "frequency": "hourly",
    "enabled": true,
    "max_backups": 30,
    "retention_months": 6,
    "archive_old_backups": true,
    "backup_path": "backups/",
    "archive_path": "backups/archives/",
    "include_database": true,
    "include_media": false,
    "include_logs": true,
    "created_at": "2025-09-11T01:47:58.209Z",
    "updated_at": "2025-09-11T01:48:40.409Z",
    "last_backup_at": "2025-09-11T01:48:40.409Z",
    "next_backup_at": "2025-09-11T02:48:40.409Z"
  }
},
{
  "model": "network_scanner.backuphistory",
  "pk": 1,
  "fields": {
    "config": 1,
    "status": "completed",
    "started_at": "2025-09-10T03:42:24.441Z",
    "completed_at": null,
    "file_path": "",
    "file_size": null,
    "error_message": "abcdefghijklmnopqrstuvwxyz",
    "backup_data": {}
  }
},
{
  "model": "network_scanner.backuphistory",
  "pk": 2,
  "fields": {
    "config": 3,
    "status": "completed",
    "started_at": "2025-09-11T01:48:39.806Z",
    "completed_at": "2025-09-11T01:48:40.398Z",
    "file_path": "C:\\Users\\Mira\\Downloads\\etiqa - Copy\\etiqa - Copy\\backups\\lakers_20250911_094839.zip",
    "file_size": 3677,
    "error_message": "",
    "backup_data": {
      "database": "C:\\Users\\Mira\\Downloads\\etiqa - Copy\\etiqa - Copy\\backups\\lakers_20250911_094839\\database.json",
      "network_configs": "C:\\Users\\Mira\\Downloads\\etiqa - Copy\\etiqa - Copy\\backups\\lakers_20250911_094839\\network_configs.json",
      "logs": "C:\\Users\\Mira\\Downloads\\etiqa - Copy\\etiqa - Copy\\backups\\lakers_20250911_094839\\logs"
    }
  }
},
{
  "model": "network_scanner.backuphistory",
  "pk": 3,
  "fields": {
    "config": 1,
    "status": "running",
    "started_at": "2025-09-11T02:29:27.747Z",
    "completed_at": null,
    "file_path": "",
    "file_size": null,
    "error_message": "",
    "backup_data": {}
  }
},
{
  "model": "network_scanner.networkconfig",
  "pk": 1,
  "fields": {
    "device": 3,
    "config_type": "running",
    "config_data": "# Configuration backup for 192.168.1.20\n# Generated at 2025-09-10 02:07:17.441967+00:00\n# This is a placeholder - implement actual config retrieval",
    "backup_timestamp": "2025-09-10T02:07:17.443Z",
    "is_active": true,
    "version": "1.0"
  }
},
{
  "model": "network_scanner.networkconfig",
  "pk": 2,
  "fields": {
    "device": 2,
    "config_type": "running",
    "config_data": "# Configuration backup for 192.168.1.11\n# Generated at 2025-09-10 02:48:19.628957+00:00\n# This is a placeholder - implement actual config retrieval",
    "backup_timestamp": "2025-09-10T02:48:19.629Z",
    "is_active": true,
    "version": "1.0"
  }
},
{
  "model": "network_scanner.networkconfig",
  "pk": 3,
  "fields": {
    "device": 1,
    "config_type": "running",
    "config_data": "# Configuration backup for 192.168.1.10\n# Generated at 2025-09-11 01:39:23.524588+00:00\n# This is a placeholder - implement actual config retrieval",
    "backup_timestamp": "2025-09-11T01:39:23.525Z",
    "is_active": true,
    "version": "1.0"
  }
},
{
  "model": "network_scanner.networkconfig",
  "pk": 4,
  "fields": {
    "device": 1,
    "config_type": "running",
    "config_data": "# Configuration backup for 192.168.1.10\n# Generated at 2025-09-11 01:39:29.190546+00:00\n# This is a placeholder - implement actual config retrieval",
    "backup_timestamp": "2025-09-11T01:39:29.191Z",
    "is_active": true,
    "version": "1.0"
  }
},
{
  "model": "network_scanner.networkconfig",
  "pk": 5,
  "fields": {
    "device": 4,
    "config_type": "running",
    "config_data": "# Configuration backup for 192.168.1.21\n# Generated at 2025-09-11 01:53:23.410773+00:00\n# This is a placeholder - implement actual config retrieval",
    "backup_timestamp": "2025-09-11T01:53:23.411Z",
    "is_active": true,
    "version": "1.0"
  }
}
]
